OBJECTID;Id da Instalação;Modalidade de Operação;Nome;Data Prevista;Data Prevista;Data Entrada;Data Entrada;Tipo de Usina;Tipo de Usina,x,y
1;PBUCG ;USINA CUJA OPERAÇÃO IMPACTA A REDE DE OPERAÇÃO;USI CAMPINA GRANDE                                 PB       ;30/01/2011;31/01/2011;07/02/2011;08/02/2011;UTE;Térmica                       ,-35.90777799999995,-7.296943999999996
2;RSUSSE;UTE COM CVU DECLARADO, QUE NÃO IMPACTA A REDE DE OPERAÇÃO E É DESPACHADA POR ORDEM DE MÉRITO;USI UTE SAO SEPE                                   RS       ;14/11/2018;15/11/2018;12/03/2019;13/03/2019;UTE;Térmica                       ,-53.65444416999998,-30.101559170999963
3;MAUTP5;USINA CUJA OPERAÇÃO IMPACTA A REDE DE OPERAÇÃO;USI UTE PARNAIBA V                                 MA       ;27/08/2021;28/08/2021;11/11/2022;12/11/2022;UTE;Térmica                       ,-44.35305599999998,-4.817777999999976
4;SPUFD1;USINA PERTENCENTE A CONJUNTO DE USINAS;USI USINA FOTOVOLTAICA DRACENA 1                   SP       ;30/05/2019;31/05/2019;23/08/2019;24/08/2019;UFV;Fotovoltaica                  ,-51.59443799999997,-21.46227400099997
5;SPUFD2;USINA PERTENCENTE A CONJUNTO DE USINAS;USI USINA FOTOVOLTAICA DRACENA 2                   SP       ;30/05/2019;31/05/2019;23/08/2019;24/08/2019;UFV;Fotovoltaica                  ,-51.59298799999999,-21.457524000999967
6;BAUTCA;UTE COM CVU DECLARADO, QUE NÃO IMPACTA A REDE DE OPERAÇÃO E É DESPACHADA POR ORDEM DE MÉRITO;USI UTE ERB CANDEIAS                               BA       ;30/10/2014;31/10/2014;30/10/2014;31/10/2014;UTE;Térmica                       ,-38.48150824999999,-12.767463589999977
7;MSUTOP;UTE COM CVU DECLARADO, QUE NÃO IMPACTA A REDE DE OPERAÇÃO E É DESPACHADA POR ORDEM DE MÉRITO;USI UTE ONCA PINTADA                               MS       ;04/10/2020;05/10/2020;22/04/2021;23/04/2021;UTE;Térmica                       ,-51.42583337999997,-20.383888750999972
8;ESVIA ;USINA CUJA OPERAÇÃO IMPACTA A REDE DE OPERAÇÃO;USI UTE VIANA 1                                    ES       ;30/04/2022;01/05/2022;13/07/2022;14/07/2022;UTE;Térmica                       ,-40.43694721999998,-20.379169171
9;MGUTSV;UTE COM CVU DECLARADO, QUE NÃO IMPACTA A REDE DE OPERAÇÃO E É DESPACHADA POR ORDEM DE MÉRITO;USI UTE SANTA VITORIA                              MG       ;;;29/06/2015;30/06/2015;UTE;Térmica                       ,-50.23343299999999,-18.774914000999956
10;PRBBOG;UTE COM CVU DECLARADO, QUE NÃO IMPACTA A REDE DE OPERAÇÃO E É DESPACHADA POR ORDEM DE MÉRITO;USI UTE BARRA BONITA I                             PR       ;14/07/2022;15/07/2022;23/08/2022;24/08/2022;UTE;Térmica                       ,-52.00869499999999,-24.73109028099998
11;MTUSAC;UTE COM CVU DECLARADO, QUE NÃO IMPACTA A REDE DE OPERAÇÃO E É DESPACHADA POR ORDEM DE MÉRITO;USI PCH SALTO APIACAS                              MT       ;20/05/2016;21/05/2016;16/09/2016;17/09/2016;UHE;Hidroelétrica                 ,-56.98177784000001,-10.338611079999964
12;MSUTWI;USINA CUJA OPERAÇÃO IMPACTA A REDE DE OPERAÇÃO;USI U.T. WILLIAM ARJONA                            MS       ;31/05/2021;01/06/2021;09/07/2021;10/07/2021;UTE;Térmica                       ,-54.74972221999997,-20.54722222099997
13;RRUTBF;USINA CUJA OPERAÇÃO IMPACTA A REDE DE OPERAÇÃO;USI UTE BONFIM                                     RR       ;30/12/2021;31/12/2021;11/04/2022;12/04/2022;UTE;Térmica                       ,-60.48446250000001,2.8288647800000035
14;PISJP ;;SUB UFV SJP                                        PI       ;28/02/2020;29/02/2020;13/04/2020;14/04/2020;;,-42.154499999999985,-8.262699999999995
15;RRUTPR;USINA CUJA OPERAÇÃO IMPACTA A REDE DE OPERAÇÃO;USI UTE PAU RAINHA                                 RR       ;30/12/2021;31/12/2021;14/04/2022;15/04/2022;UTE;Térmica                       ,-60.82782806,3.2065677800000003
16;SPPARA;UTE COM CVU DECLARADO, QUE NÃO IMPACTA A REDE DE OPERAÇÃO E É DESPACHADA POR ORDEM DE MÉRITO;USI UHE PARANAPANEM                                SP       ;31/12/1956;01/01/1957;31/12/1956;01/01/1957;UHE;Hidroelétrica                 ,-49.38446601999999,-23.18769353099998
17;RRUTCT;USINA CUJA OPERAÇÃO IMPACTA A REDE DE OPERAÇÃO;USI UTE CANTA                                      RR       ;30/12/2021;31/12/2021;09/06/2022;10/06/2022;UTE;Térmica                       ,-60.682269169999984,2.72581778
18;RRUTSL;USINA CUJA OPERAÇÃO IMPACTA A REDE DE OPERAÇÃO;USI UTE SANTA LUZ                                  RR       ;30/12/2021;31/12/2021;20/04/2022;21/04/2022;UTE;Térmica                       ,-60.82639416999996,3.1796977800000263
19;ESPOV ;USINA CUJA OPERAÇÃO IMPACTA A REDE DE OPERAÇÃO;USI UTE POVOACAO 1                                 ES       ;14/07/2022;15/07/2022;22/07/2022;23/07/2022;UTE;Térmica                       ,-39.80214999999998,-19.534730561000003
20;;;;;;;;;,-42.588000007000005,-16.71300000699995
21;ALUXG ;USINA CUJA OPERAÇÃO IMPACTA A REDE DE OPERAÇÃO;USI USINA XINGO                                    AL       ;;;29/04/1994;30/04/1994;UHE;Hidroelétrica                 ,-37.80111110199999,-9.624694406999993
22;AMAA  ;USINA CUJA OPERAÇÃO IMPACTA A REDE DE OPERAÇÃO;USI UTE APARECIDA                                  AM       ;;;30/12/1990;31/12/1990;UTE;Térmica                       ,-60.032778001999986,-3.1305560019999916
23;AMBA  ;USINA CUJA OPERAÇÃO IMPACTA A REDE DE OPERAÇÃO;USI UHE BALBINA                                    AM       ;;;12/02/1989;13/02/1989;UHE;Hidroelétrica                 ,-59.46861100199999,-1.904444001999991
24;AMCM  ;USINA CUJA OPERAÇÃO IMPACTA A REDE DE OPERAÇÃO;USI MAUA 3                                         AM       ;29/04/2017;30/04/2017;18/09/2017;19/09/2017;UTE;Térmica                       ,-59.929553999999996,-3.1174090060000026
25;AMCR  ;USINA CUJA OPERAÇÃO IMPACTA A REDE DE OPERAÇÃO;USI UTE PORAQUE                                    AM       ;;;30/01/2006;31/01/2006;UTE;Térmica                       ,-60.03432800599995,-2.892080999999962
26;AMGE  ;USINA CUJA OPERAÇÃO IMPACTA A REDE DE OPERAÇÃO;USI UTE TUCUNARE                                   AM       ;;;14/12/2006;15/12/2006;UTE;Térmica                       ,-60.073319002999995,-3.0933530029999474
27;AMJA  ;USINA CUJA OPERAÇÃO IMPACTA A REDE DE OPERAÇÃO;USI UTE JARAQUI                                    AM       ;;;30/12/1990;31/12/1990;UTE;Térmica                       ,-60.02750000399999,-2.9866669999999544
28;AMMA  ;USINA CUJA OPERAÇÃO IMPACTA A REDE DE OPERAÇÃO;USI PIRARUCU                                       AM       ;31/08/2013;01/09/2013;30/12/1990;31/12/1990;UTE;Térmica                       ,-60.021667003999994,-2.9455559999999537
29;AMTA  ;USINA CUJA OPERAÇÃO IMPACTA A REDE DE OPERAÇÃO;USI UTE TAMBAQUI                                   AM       ;;;30/12/1990;31/12/1990;UTE;Térmica                       ,-59.938889003999975,-3.108056000999966
30;APCN  ;USINA CUJA OPERAÇÃO IMPACTA A REDE DE OPERAÇÃO;USI COARACY NUNES                                  AP       ;;;30/12/1990;31/12/1990;UHE;Hidroelétrica                 ,-51.244639001999985,0.9280829950000111
31;APFGO ;USINA CUJA OPERAÇÃO IMPACTA A REDE DE OPERAÇÃO;USI UHE FERREIRA GOMES                             AP       ;29/12/2014;30/12/2014;01/09/2014;02/09/2014;UHE;Hidroelétrica                 ,-51.19683300699995,0.8556279990000348
32;APSA  ;USINA CUJA OPERAÇÃO IMPACTA A REDE DE OPERAÇÃO;USI UTE SANTANA                                    AP       ;14/04/2014;15/04/2014;31/12/1992;01/01/1993;UTE;Térmica                       ,-51.18210300099997,-0.01378100399995219
33;APSAJ ;USINA CUJA OPERAÇÃO IMPACTA A REDE DE OPERAÇÃO;USI SANTO ANTONIO DO JARI                          AP       ;30/10/2014;31/10/2014;24/08/2014;25/08/2014;UHE;Hidroelétrica                 ,-52.51666700099997,-0.6500000059999707
34;APUCCA;USINA CUJA OPERAÇÃO IMPACTA A REDE DE OPERAÇÃO;USI CACHOEIRA CALDEIRAO                            AP       ;29/04/2016;30/04/2016;04/05/2016;05/05/2016;UHE;Hidroelétrica                 ,-51.29666700199999,0.8527779949999967
35;BASK01;UTE COM CVU DECLARADO, QUE NÃO IMPACTA A REDE DE OPERAÇÃO E É DESPACHADA POR ORDEM DE MÉRITO;USI UTE SYKUE I                                    BA       ;30/12/2008;31/12/2008;25/11/2010;26/11/2010;UTE;Térmica                       ,-45.519292003999965,-12.998317004
36;BAUAS ;USINA CUJA OPERAÇÃO IMPACTA A REDE DE OPERAÇÃO;USI APOLONIO SALES                                 BA       ;;;27/02/1977;28/02/1977;UHE;Hidroelétrica                 ,-38.20000000299996,-9.40000000599997
37;BAUCV ;USINA CUJA OPERAÇÃO IMPACTA A REDE DE OPERAÇÃO;USI PEDRA DO CAVALO                                BA       ;29/11/2004;30/11/2004;28/09/2004;29/09/2004;UHE;Hidroelétrica                 ,-38.983333304999974,-12.600000002000002
38;BAUGD ;USINA CUJA OPERAÇÃO IMPACTA A REDE DE OPERAÇÃO;USI UTE GLOBAL II                                  BA       ;29/06/2010;30/06/2010;19/05/2010;20/05/2010;UTE;Térmica                       ,-38.483056000999966,-12.727778002999969
39;BAUGU ;USINA CUJA OPERAÇÃO IMPACTA A REDE DE OPERAÇÃO;USI UTE GLOBAL I                                   BA       ;29/06/2010;30/06/2010;06/05/2010;07/05/2010;UTE;Térmica                       ,-38.482778005,-12.727778002999969
40;BAUIT1;USINA CUJA OPERAÇÃO IMPACTA A REDE DE OPERAÇÃO;USI ITAPEBI US                                     BA       ;30/12/2003;31/12/2003;04/02/2003;05/02/2003;UHE;Hidroelétrica                 ,-39.592739000999984,-15.966462001999957
41;BAUSB ;USINA CUJA OPERAÇÃO IMPACTA A REDE DE OPERAÇÃO;USI SOBRADINHO                                     BA       ;;;29/04/1979;30/04/1979;UHE;Hidroelétrica                 ,-40.829166703,-9.436083301999986
42;BAUSD ;USINA CUJA OPERAÇÃO IMPACTA A REDE DE OPERAÇÃO;USI PAULO AFONSO II                                BA       ;;;29/04/1961;30/04/1961;UHE;Hidroelétrica                 ,-38.194200002,-9.395800001999987
43;BAUSQ ;USINA CUJA OPERAÇÃO IMPACTA A REDE DE OPERAÇÃO;USI PAULO AFONSO IV                                BA       ;;;29/04/1969;30/04/1969;UHE;Hidroelétrica                 ,-38.20384859999996,-9.41257060299995
44;BAUST ;USINA CUJA OPERAÇÃO IMPACTA A REDE DE OPERAÇÃO;USI PAULO AFONSO III                               BA       ;;;29/04/1971;30/04/1971;UHE;Hidroelétrica                 ,-38.20410679999998,-9.40360020099996
45;BAUSU ;USINA CUJA OPERAÇÃO IMPACTA A REDE DE OPERAÇÃO;USI PAULO AFONSO I                                 BA       ;;;30/01/1955;31/01/1955;UHE;Hidroelétrica                 ,-38.20401580599997,-9.40219990199995
46;BAUTA ;USINA CUJA OPERAÇÃO IMPACTA A REDE DE OPERAÇÃO;USI TERMOBAHIA                                     BA       ;;;20/08/2002;21/08/2002;UTE;Térmica                       ,-38.566666699999985,-12.700000002999957
47;BAUTPL;USINA CUJA OPERAÇÃO IMPACTA A REDE DE OPERAÇÃO;USI UTE PILAR                                      BA       ;08/09/9998;09/09/9998;;;UTE;Térmica                       ,-39.85619700699999,-9.861294001999966
48;CEEBCO;USINA PERTENCENTE A CONJUNTO DE USINAS;USI ICR_BOCA DO CORREGO                            CE       ;14/08/2014;15/08/2014;29/08/2014;30/08/2014;UEE;Eolielétrica                  ,-39.668978005999975,-3.094475000999978
49;CEEICD;USINA PERTENCENTE A CONJUNTO DE USINAS;USI ICR_ICARAI II                                  CE       ;27/02/2014;28/02/2014;28/03/2014;29/03/2014;UEE;Eolielétrica                  ,-39.599222003999955,-3.0652500019999707
50;CEEICU;USINA PERTENCENTE A CONJUNTO DE USINAS;USI ICR_ICARAI I                                   CE       ;27/02/2014;28/02/2014;28/03/2014;29/03/2014;UEE;Eolielétrica                  ,-39.592806003999954,-3.070082999999954
51;CEEIGR;USINA PERTENCENTE A CONJUNTO DE USINAS;USI ICR_ILHA GRANDE                                CE       ;14/08/2014;15/08/2014;19/08/2014;20/08/2014;UEE;Eolielétrica                  ,-39.702544004,-3.0657420009999896
52;CEERIB;USINA PERTENCENTE A CONJUNTO DE USINAS;USI ICR_RIBEIRAO                                   CE       ;14/09/2014;15/09/2014;24/09/2014;25/09/2014;UEE;Eolielétrica                  ,-39.678500004,-3.098303004999991
53;CEMRU ;USINA CUJA OPERAÇÃO IMPACTA A REDE DE OPERAÇÃO;USI UTE MARACANAU I                                CE       ;31/07/2010;01/08/2010;29/12/2010;30/12/2010;UTE;Térmica                       ,-38.55716700099998,-3.860750005
54;CEUEAD;USINA PERTENCENTE A CONJUNTO DE USINAS;USI TBA_TAIBA ANDORINHA                            CE       ;30/07/2014;31/07/2014;18/06/2014;19/06/2014;UEE;Eolielétrica                  ,-38.89796700299996,-3.5287440049999645
55;CEUEAG;USINA PERTENCENTE A CONJUNTO DE USINAS;USI TBA_TAIBA AGUIA                                CE       ;29/06/2014;30/06/2014;18/06/2014;19/06/2014;UEE;Eolielétrica                  ,-38.88828900499999,-3.548125005999964
56;CEUEAP;USINA PERTENCENTE A CONJUNTO DE USINAS;USI FSA_SANTO ANTONIO DE PADUA                     CE       ;29/11/2014;30/11/2014;12/09/2014;13/09/2014;UEE;Eolielétrica                  ,-39.224556006,-3.2801390070000025
57;CEUEBV;USINA PERTENCENTE A CONJUNTO DE USINAS;USI ARD_BONS VENTOS                                CE       ;19/02/2010;20/02/2010;10/02/2010;11/02/2010;UEE;Eolielétrica                  ,-37.700597002999984,-4.582914001999995
58;CEUECL;USINA PERTENCENTE A CONJUNTO DE USINAS;USI TBA_COLONIA                                    CE       ;29/06/2014;30/06/2014;18/06/2014;19/06/2014;UEE;Eolielétrica                  ,-38.878239006,-3.5426330049999706
59;CEUECQ;USINA PERTENCENTE A CONJUNTO DE USINAS;USI ARD_CANOA QUEBRADA                             CE       ;29/12/2009;30/12/2009;25/01/2010;26/01/2010;UEE;Eolielétrica                  ,-37.754383004999966,-4.470100000999992
60;CEUEEM;USINA PERTENCENTE A CONJUNTO DE USINAS;USI FSA_EMBUACA                                    CE       ;30/05/2014;31/05/2014;28/03/2014;29/03/2014;UEE;Eolielétrica                  ,-39.32941700499998,-3.2182500069999946
61;CEUEEN;USINA PERTENCENTE A CONJUNTO DE USINAS;USI ARD_ENACEL                                     CE       ;04/04/2010;05/04/2010;17/03/2010;18/03/2010;UEE;Eolielétrica                  ,-37.760497004,-4.505708001999949
62;CEUEF1;USINA PERTENCENTE A CONJUNTO DE USINAS;USI FSA_FAISA 1                                    CE       ;30/05/2014;31/05/2014;28/03/2014;29/03/2014;UEE;Eolielétrica                  ,-39.26711100299997,-3.3218330069999524
63;CEUEF2;USINA PERTENCENTE A CONJUNTO DE USINAS;USI FSA_FAISA 2                                    CE       ;30/08/2014;31/08/2014;30/07/2014;31/07/2014;UEE;Eolielétrica                  ,-39.251639001,-3.322750001999964
64;CEUEF3;USINA PERTENCENTE A CONJUNTO DE USINAS;USI FSA_FAISA 3                                    CE       ;30/05/2014;31/05/2014;28/03/2014;29/03/2014;UEE;Eolielétrica                  ,-39.26513900599997,-3.347806006999974
65;CEUEF4;USINA PERTENCENTE A CONJUNTO DE USINAS;USI FSA_FAISA 4                                    CE       ;30/05/2014;31/05/2014;28/03/2014;29/03/2014;UEE;Eolielétrica                  ,-39.250111006,-3.3536390069999698
66;CEUEF5;USINA PERTENCENTE A CONJUNTO DE USINAS;USI FSA_FAISA 5                                    CE       ;30/10/2014;31/10/2014;29/10/2014;30/10/2014;UEE;Eolielétrica                  ,-39.262111000999994,-3.369944005999969
67;CEUEFL;USINA PERTENCENTE A CONJUNTO DE USINAS;USI TRA_FLEIXEIRAS I                               CE       ;30/01/2014;31/01/2014;27/01/2014;28/01/2014;UEE;Eolielétrica                  ,-39.366667001999986,-3.1925000029999637
68;CEUEGU;USINA PERTENCENTE A CONJUNTO DE USINAS;USI TRA_GUAJIRU                                    CE       ;29/11/2013;30/11/2013;21/11/2013;22/11/2013;UEE;Eolielétrica                  ,-39.21777800499996,-3.262222006999991
69;CEUEMU;USINA PERTENCENTE A CONJUNTO DE USINAS;USI TRA_MUNDAU                                     CE       ;30/03/2014;31/03/2014;31/03/2014;01/04/2014;UEE;Eolielétrica                  ,-39.376389003999975,-3.186944000999972
70;CEUESC;USINA PERTENCENTE A CONJUNTO DE USINAS;USI FSA_SÃO CRISTOVÃO                              CE       ;29/11/2014;30/11/2014;10/11/2014;11/11/2014;UEE;Eolielétrica                  ,-39.26144400199996,-3.261444001999962
71;CEUESJ;USINA PERTENCENTE A CONJUNTO DE USINAS;USI FSA_SÃO JORGE                                  CE       ;29/11/2014;30/11/2014;10/11/2014;11/11/2014;UEE;Eolielétrica                  ,-39.25695600399996,-3.250650003999965
72;CEUETR;USINA PERTENCENTE A CONJUNTO DE USINAS;USI TRA_TRAIRI                                     CE       ;29/11/2013;30/11/2013;24/10/2013;25/10/2013;UEE;Eolielétrica                  ,-39.29027800299997,-3.221667006999951
73;CEUSCJ;USINA CUJA OPERAÇÃO IMPACTA A REDE DE OPERAÇÃO;USI TERMOCEARA                                     CE       ;29/06/2002;30/06/2002;06/07/2002;07/07/2002;UTE;Térmica                       ,-38.87212499999998,-3.693038999999999
74;CEUTCP;USINA QUE NÃO IMPACTA A REDE DE OPERAÇÃO, MAS PARTICIPA DA PROGRAMAÇÃO DE FORMA INDIVIDUALIZADA;USI UTE COMPANHIA SIDERURGICA DO PECEM             CE       ;29/09/2016;30/09/2016;13/10/2016;14/10/2016;UTE;Térmica                       ,-38.87154700599996,-3.594755999999961
75;CEUTPC;USINA CUJA OPERAÇÃO IMPACTA A REDE DE OPERAÇÃO;USI UTE PORTO DE PECEM I                           CE       ;29/12/2012;30/12/2012;30/11/2012;01/12/2012;UTE;Térmica                       ,-38.875833005000004,-3.5822220000000016
76;CEUTPD;USINA CUJA OPERAÇÃO IMPACTA A REDE DE OPERAÇÃO;USI UTE PORTO DE PECEM II                          CE       ;29/11/2013;30/11/2013;17/10/2013;18/10/2013;UTE;Térmica                       ,-38.873889007,-3.581667005999975
77;ESMASC;USINA CUJA OPERAÇÃO IMPACTA A REDE DE OPERAÇÃO;USI MASCARENHAS                                    ES       ;;;20/09/1973;21/09/1973;UHE;Hidroelétrica                 ,-40.91830600099996,-19.501083001999973
78;ESRSL ;USINA CUJA OPERAÇÃO IMPACTA A REDE DE OPERAÇÃO;USI ROSAL                                          ES       ;;;29/12/1999;30/12/1999;UHE;Hidroelétrica                 ,-41.70000000299996,-20.916388906999998
79;ESUSOL;USINA QUE NÃO TEM RELACIONAMENTO DIRETO COM O ONS;USI SOL                                            ES       ;;;18/06/2007;19/06/2007;UTE;Térmica                       ,-40.22913300199997,-20.231567002999952
80;ESUTEV;USINA CUJA OPERAÇÃO IMPACTA A REDE DE OPERAÇÃO;USI VIANA                                          ES       ;30/01/2010;31/01/2010;05/01/2010;06/01/2010;UTE;Térmica                       ,-40.43874899999997,-20.377951003999954
81;ESUTLI;USINA CUJA OPERAÇÃO IMPACTA A REDE DE OPERAÇÃO;USI UTE LUIZ OSCAR RODRIGUES DE MELO               ES       ;31/12/2010;01/01/2011;22/12/2010;23/12/2010;UTE;Térmica                       ,-39.80117800099998,-19.534747004999986
82;GOCACU;USINA CUJA OPERAÇÃO IMPACTA A REDE DE OPERAÇÃO;USI UHE CACU                                       GO       ;29/06/2010;30/06/2010;23/07/2010;24/07/2010;UHE;Hidroelétrica                 ,-51.147778003999974,-18.53055600099998
83;GOENDA;USINA CUJA OPERAÇÃO IMPACTA A REDE DE OPERAÇÃO;USI DAIA                                           GO       ;31/12/2007;01/01/2008;14/07/2002;15/07/2002;UTE;Térmica                       ,-48.943889006999996,-16.40194400499996
84;GOFRCL;USINA CUJA OPERAÇÃO IMPACTA A REDE DE OPERAÇÃO;USI ENG.JOSE LUIZ MULLER DE GODOY PEREIRA          GO       ;30/07/2010;31/07/2010;09/07/2010;10/07/2010;UHE;Hidroelétrica                 ,-50.64361100599996,-19.115833006999992
85;GOMAXA;UTE COM CVU DECLARADO, QUE NÃO IMPACTA A REDE DE OPERAÇÃO E É DESPACHADA POR ORDEM DE MÉRITO;USI XAVANTES                                       GO       ;31/12/2007;01/01/2008;14/07/2002;15/07/2002;UTE;Térmica                       ,-49.25749999999999,-16.581667006999965
86;GOST  ;USINA CUJA OPERAÇÃO IMPACTA A REDE DE OPERAÇÃO;USI SALTO                                          GO       ;29/06/2010;30/06/2010;24/05/2010;25/05/2010;UHE;Hidroelétrica                 ,-51.172500007,-18.80861100599998
87;GOSV  ;USINA CUJA OPERAÇÃO IMPACTA A REDE DE OPERAÇÃO;USI SALTO DO RIO VERDINHO                          GO       ;30/07/2010;31/07/2010;05/07/2010;06/07/2010;UHE;Hidroelétrica                 ,-50.75277800099997,-19.139722004999953
88;GOTQR ;USINA PERTENCENTE A CONJUNTO DE USINAS;USI TERMICA QUIRINOPOLIS                           GO       ;;;21/11/2007;22/11/2007;UTE;Térmica                       ,-50.25777800399999,-18.434444002999953
89;GOUBV ;USINA PERTENCENTE A CONJUNTO DE USINAS;USI UTE BOA VISTA                                  GO       ;01/05/2011;02/05/2011;21/07/2008;22/07/2008;UTE;Térmica                       ,-50.435241005999956,-18.545123004000004
90;GOUCB3;USINA CUJA OPERAÇÃO IMPACTA A REDE DE OPERAÇÃO;USI CORUMBA III                                    GO       ;30/10/2009;31/10/2009;23/10/2009;24/10/2009;UHE;Hidroelétrica                 ,-47.941944003,-16.786111004999952
91;GOUCB4;USINA CUJA OPERAÇÃO IMPACTA A REDE DE OPERAÇÃO;USI CORUMBA IV                                     GO       ;30/03/2006;31/03/2006;31/03/2006;01/04/2006;UHE;Hidroelétrica                 ,-48.187222204999955,-16.322500005999984
92;GOUCD ;USINA CUJA OPERAÇÃO IMPACTA A REDE DE OPERAÇÃO;USI CACHOEIRA  DOURADA                             GO       ;;;30/01/1959;31/01/1959;UHE;Hidroelétrica                 ,-49.48638890699999,-18.499166704999993
93;GOUHBC;USINA CUJA OPERAÇÃO IMPACTA A REDE DE OPERAÇÃO;USI BARRA DOS COQUEIROS                            GO       ;29/06/2010;30/06/2010;18/06/2010;19/06/2010;UHE;Hidroelétrica                 ,-51.00305600499996,-18.723333002000004
94;GOUHCB;USINA CUJA OPERAÇÃO IMPACTA A REDE DE OPERAÇÃO;USI CANA BRAVA                                     GO       ;30/09/2002;01/10/2002;13/05/2002;14/05/2002;UHE;Hidroelétrica                 ,-48.141666703,-13.406944401999965
95;GOUHES;USINA CUJA OPERAÇÃO IMPACTA A REDE DE OPERAÇÃO;USI ESPORA                                         GO       ;30/08/2006;31/08/2006;06/09/2006;07/09/2006;UHE;Hidroelétrica                 ,-51.850000000999955,-18.666667007
96;GOUHSF;USINA CUJA OPERAÇÃO IMPACTA A REDE DE OPERAÇÃO;USI SERRA DO FACAO                                 GO       ;30/07/2010;31/07/2010;12/07/2010;13/07/2010;UHE;Hidroelétrica                 ,-47.666667007,-18.06666700599999
97;GOUSBL;USINA CUJA OPERAÇÃO IMPACTA A REDE DE OPERAÇÃO;USI BATALHA                                        MG       ;30/05/2014;31/05/2014;16/05/2014;17/05/2014;UHE;Hidroelétrica                 ,-47.48944400299996,-17.34555600599998
98;GOUSCB;USINA CUJA OPERAÇÃO IMPACTA A REDE DE OPERAÇÃO;USI CORUMBA                                        GO       ;;;29/04/1997;30/04/1997;UHE;Hidroelétrica                 ,-48.54114000499999,-17.987029001999986
99;GOUSSM;USINA CUJA OPERAÇÃO IMPACTA A REDE DE OPERAÇÃO;USI SERRA DA MESA                                  GO       ;;;08/03/1998;09/03/1998;UHE;Hidroelétrica                 ,-48.30083300199999,-13.826187007999977
100;GOUTCA;USINA QUE NÃO IMPACTA A REDE DE OPERAÇÃO, MAS PARTICIPA DA PROGRAMAÇÃO DE FORMA INDIVIDUALIZADA;USI UTE CACU I                                     GO       ;30/07/2010;31/07/2010;21/07/2010;22/07/2010;UTE;Térmica                       ,-51.01027800099996,-18.791944004999948
101;GOUTP ;USINA CUJA OPERAÇÃO IMPACTA A REDE DE OPERAÇÃO;USI UTE PALMEIRAS DE GOIAS                         GO       ;30/07/2012;31/07/2012;16/07/2012;17/07/2012;UTE;Térmica                       ,-49.940000005,-16.776389002999963
102;MAGM1 ;USINA CUJA OPERAÇÃO IMPACTA A REDE DE OPERAÇÃO;USI GERAMAR I                                      MA       ;30/01/2010;31/01/2010;08/01/2010;09/01/2010;UTE;Térmica                       ,-44.556615002,-3.5664080009999566
103;MAGM2 ;USINA CUJA OPERAÇÃO IMPACTA A REDE DE OPERAÇÃO;USI GERAMAR II                                     MA       ;27/02/2010;28/02/2010;05/02/2010;06/02/2010;UTE;Térmica                       ,-44.554905004999966,-3.5663910060000035
104;MAUSUZ;USINA QUE NÃO IMPACTA A REDE DE OPERAÇÃO, MAS PARTICIPA DA PROGRAMAÇÃO DE FORMA INDIVIDUALIZADA;USI UTE SUZANO                                     MA       ;31/03/2014;01/04/2014;03/04/2014;04/04/2014;UTE;Térmica                       ,-47.550556003999986,-5.415556005999974
105;MAUTM3;USINA CUJA OPERAÇÃO IMPACTA A REDE DE OPERAÇÃO;USI UTE MARANHAO III                               MA       ;30/07/2016;31/07/2016;28/05/2014;29/05/2014;UTE;Térmica                       ,-44.356086000999994,-4.823900006999963
106;MAUTM4;USINA CUJA OPERAÇÃO IMPACTA A REDE DE OPERAÇÃO;USI UTE MARANHAO IV                                MA       ;27/02/2013;28/02/2013;28/01/2013;29/01/2013;UTE;Térmica                       ,-44.35398900499996,-4.819717004999973
107;MAUTM5;USINA CUJA OPERAÇÃO IMPACTA A REDE DE OPERAÇÃO;USI UTE MARANHAO V                                 MA       ;29/04/2013;30/04/2013;28/03/2013;29/03/2013;UTE;Térmica                       ,-44.354572005999955,-4.820883005999974
108;MAUTNV;USINA CUJA OPERAÇÃO IMPACTA A REDE DE OPERAÇÃO;USI UTE NOVA VENECIA                               MA       ;29/12/2013;30/12/2013;22/10/2013;23/10/2013;UTE;Térmica                       ,-44.353586002999975,-4.81890300699996
109;MAUTP4;USINA CUJA OPERAÇÃO IMPACTA A REDE DE OPERAÇÃO;USI UTE PARNAIBA 4                                 MA       ;30/11/2013;01/12/2013;12/12/2013;13/12/2013;UTE;Térmica                       ,-44.35288129999998,-4.817772389999959
110;MAUTPI;USINA CUJA OPERAÇÃO IMPACTA A REDE DE OPERAÇÃO;USI UTE PORTO DO ITAQUI                            MA       ;30/01/2013;31/01/2013;04/02/2013;05/02/2013;UTE;Térmica                       ,-44.355796999999995,-2.5861439999999902
111;MGAIMO;USINA CUJA OPERAÇÃO IMPACTA A REDE DE OPERAÇÃO;USI AIMORES                                        MG       ;30/08/2005;31/08/2005;29/06/2005;30/06/2005;UHE;Hidroelétrica                 ,-41.09750000399998,-19.45638900299997
112;MGCAMA;USINA CUJA OPERAÇÃO IMPACTA A REDE DE OPERAÇÃO;USI CAMARGOS                                       MG       ;;;29/02/1960;01/03/1960;UHE;Hidroelétrica                 ,-44.616111106999995,-21.325277805999974
113;MGCPB1;USINA CUJA OPERAÇÃO IMPACTA A REDE DE OPERAÇÃO;USI AMADOR AGUIAR I                                MG       ;27/02/2006;28/02/2006;29/01/2006;30/01/2006;UHE;Hidroelétrica                 ,-48.147222005,-18.79027800299997
114;MGCPB2;USINA CUJA OPERAÇÃO IMPACTA A REDE DE OPERAÇÃO;USI AMADOR AGUIAR II                               MG       ;27/02/2007;28/02/2007;08/03/2007;09/03/2007;UHE;Hidroelétrica                 ,-48.435278005999976,-18.659722000999977
115;MGEMBO;;SUB EMBORCACAO                                     MG       ;;;31/03/1982;01/04/1982;;,-47.99392707099997,-18.45206443699999
116;MGFUNI;USINA CUJA OPERAÇÃO IMPACTA A REDE DE OPERAÇÃO;USI FUNIL GRANDE                                   MG       ;01/11/2002;02/11/2002;19/12/2002;20/12/2002;UHE;Hidroelétrica                 ,-44.916666701,-21.083055600999955
117;MGGUIL;USINA CUJA OPERAÇÃO IMPACTA A REDE DE OPERAÇÃO;USI GUILMAN AMORIM                                 MG       ;;;01/11/1997;02/11/1997;UHE;Hidroelétrica                 ,-42.96000000099997,-19.708055600999955
118;MGIGAR;USINA CUJA OPERAÇÃO IMPACTA A REDE DE OPERAÇÃO;USI IGARAPAVA                                      MG       ;;;31/12/1998;01/01/1999;UHE;Hidroelétrica                 ,-47.73222220699995,-19.97583330499998
119;MGIGPE;USINA CUJA OPERAÇÃO IMPACTA A REDE DE OPERAÇÃO;USI IGARAPE 1                                      MG       ;;;25/10/1977;26/10/1977;UTE;Térmica                       ,-44.28000000099996,-19.96583330699997
120;MGIRAP;USINA CUJA OPERAÇÃO IMPACTA A REDE DE OPERAÇÃO;USI IRAPE-US                                       MG       ;29/06/2006;30/06/2006;18/07/2006;19/07/2006;UHE;Hidroelétrica                 ,-42.56708089999995,-16.730263106999985
121;MGITUT;USINA CUJA OPERAÇÃO IMPACTA A REDE DE OPERAÇÃO;USI ITUTINGA-US                                    MG       ;;;31/01/1955;01/02/1955;UHE;Hidroelétrica                 ,-44.623888901999976,-21.29166700799999
122;MGJGUS;USINA CUJA OPERAÇÃO IMPACTA A REDE DE OPERAÇÃO;USI JAGUARA                                        MG       ;;;31/12/1970;01/01/1971;UHE;Hidroelétrica                 ,-47.434444404999965,-20.023055002999968
123;MGMIRA;USINA CUJA OPERAÇÃO IMPACTA A REDE DE OPERAÇÃO;USI MIRANDA                                        MG       ;;;28/05/1998;29/05/1998;UHE;Hidroelétrica                 ,-48.041388907,-18.911944404999986
124;MGNPON;USINA CUJA OPERAÇÃO IMPACTA A REDE DE OPERAÇÃO;USI NOVA PONTE                                     MG       ;;;31/05/1988;01/06/1988;UHE;Hidroelétrica                 ,-47.693611003,-19.133055001999992
125;MGPCDA;USINA CUJA OPERAÇÃO IMPACTA A REDE DE OPERAÇÃO;USI PICADA                                         MG       ;29/06/2006;30/06/2006;30/06/2006;01/07/2006;UHE;Hidroelétrica                 ,-43.55000000399997,-21.88333330399996
126;MGPORT;USINA CUJA OPERAÇÃO IMPACTA A REDE DE OPERAÇÃO;USI PORTO ESTRELA                                  MG       ;15/08/2001;16/08/2001;03/09/2001;04/09/2001;UHE;Hidroelétrica                 ,-42.66611110399998,-19.13361110599999
127;MGQMDO;USINA CUJA OPERAÇÃO IMPACTA A REDE DE OPERAÇÃO;USI QUEIMADO                                       MG       ;29/04/2004;30/04/2004;08/04/2004;09/04/2004;UHE;Hidroelétrica                 ,-47.323055603,-16.209166705999962
128;MGSCAR;USINA CUJA OPERAÇÃO IMPACTA A REDE DE OPERAÇÃO;USI SA CARVALHO                                    MG       ;;;30/03/2001;31/03/2001;UHE;Hidroelétrica                 ,-42.80611099999999,-19.635556006
129;MGSCLA;USINA CUJA OPERAÇÃO IMPACTA A REDE DE OPERAÇÃO;USI SANTA CLARA-MG                                 MG       ;30/01/2002;31/01/2002;19/02/2002;20/02/2002;UHE;Hidroelétrica                 ,-40.201296999999954,-17.896661005999988
130;MGSGRA;USINA CUJA OPERAÇÃO IMPACTA A REDE DE OPERAÇÃO;USI SALTO GRANDE MG                                MG       ;;;27/02/1956;28/02/1956;UHE;Hidroelétrica                 ,-42.718333304,-19.11527780499995
131;MGSOBR;USINA CUJA OPERAÇÃO IMPACTA A REDE DE OPERAÇÃO;USI SOBRAGI                                        MG       ;;;27/08/1998;28/08/1998;UHE;Hidroelétrica                 ,-43.350000000999955,-21.966388903999984
132;MGSSUS;USINA CUJA OPERAÇÃO IMPACTA A REDE DE OPERAÇÃO;USI SAO SIMAO-US                                   MG       ;;;31/01/1978;01/02/1978;UHE;Hidroelétrica                 ,-50.49916600399996,-19.018055006999987
133;MGTMAR;USINA CUJA OPERAÇÃO IMPACTA A REDE DE OPERAÇÃO;USI TRES MARIAS                                    MG       ;;;31/01/1962;01/02/1962;UHE;Hidroelétrica                 ,-45.25916700099998,-18.21250000699996
134;MGUBAG;USINA CUJA OPERAÇÃO IMPACTA A REDE DE OPERAÇÃO;USI BAGUARI                                        MG       ;29/09/2009;30/09/2009;08/09/2009;09/09/2009;UHE;Hidroelétrica                 ,-42.12416700299997,-19.02250000099997
135;MGUHEC;USINA CUJA OPERAÇÃO IMPACTA A REDE DE OPERAÇÃO;USI RISOLETA NEVES                                 MG       ;30/08/2004;31/08/2004;23/08/2004;24/08/2004;UHE;Hidroelétrica                 ,-42.891666703,-20.20694440699998
136;MGUHRB;USINA CUJA OPERAÇÃO IMPACTA A REDE DE OPERAÇÃO;USI RETIRO BAIXO                                   MG       ;30/03/2010;31/03/2010;02/03/2010;03/03/2010;UHE;Hidroelétrica                 ,-44.781667002000006,-18.89444400399998
137;MGUSCL;USINA CUJA OPERAÇÃO IMPACTA A REDE DE OPERAÇÃO;USI PORTO  COLOMBIA                                MG       ;;;28/02/1973;01/03/1973;UHE;Hidroelétrica                 ,-48.57494800499995,-20.120132006999995
138;MGUSFU;USINA CUJA OPERAÇÃO IMPACTA A REDE DE OPERAÇÃO;USI FURNAS                                         MG       ;;;28/02/1963;01/03/1963;UHE;Hidroelétrica                 ,-46.319262004999985,-20.667320005999954
139;MGUSIM;USINA CUJA OPERAÇÃO IMPACTA A REDE DE OPERAÇÃO;USI ITUMBIARA                                      MG       ;;;31/01/1980;01/02/1980;UHE;Hidroelétrica                 ,-49.11296800499997,-18.40752900399997
140;MGUSMM;USINA CUJA OPERAÇÃO IMPACTA A REDE DE OPERAÇÃO;USI MASCARENHAS DE MORAES                          MG       ;;;31/03/1956;01/04/1956;UHE;Hidroelétrica                 ,-47.06991600199996,-20.286561004999953
141;MGUSMR;USINA CUJA OPERAÇÃO IMPACTA A REDE DE OPERAÇÃO;USI MARIMBONDO                                     MG       ;;;31/03/1975;01/04/1975;UHE;Hidroelétrica                 ,-49.20339000199999,-20.301198005999993
142;MGUTIB;USINA CUJA OPERAÇÃO IMPACTA A REDE DE OPERAÇÃO;USI UT.IBIRITE                                     MG       ;;;04/05/2002;05/05/2002;UTE;Térmica                       ,-44.096666701000004,-19.987777806999986
143;MGUTJF;USINA CUJA OPERAÇÃO IMPACTA A REDE DE OPERAÇÃO;USI JUIZ DE FORA                                   MG       ;29/09/2001;30/09/2001;01/02/2002;02/02/2002;UTE;Térmica                       ,-43.461388900999964,-21.688888900999984
144;MGVGRA;USINA CUJA OPERAÇÃO IMPACTA A REDE DE OPERAÇÃO;USI VOLTA GRANDE                                   MG       ;;;28/02/1974;01/03/1974;UHE;Hidroelétrica                 ,-48.22083330199996,-20.028888903999984
145;MSELDR;USINA PERTENCENTE A CONJUNTO DE USINAS;USI UTE ELDORADO                                   MS       ;29/06/2011;30/06/2011;03/06/2011;04/06/2011;UTE;Térmica                       ,-54.01888900299997,-21.852222003999998
146;MSMIM ;USINA QUE NÃO TEM RELACIONAMENTO DIRETO COM O ONS;USI MIMOSO                                         MS       ;;;30/12/1990;31/12/1990;UHE;Hidroelétrica                 ,-53.57333330099999,-20.678333304999967
147;MSTLA ;USINA CUJA OPERAÇÃO IMPACTA A REDE DE OPERAÇÃO;USI TRES LAGOAS                                    MS       ;30/12/2002;31/12/2002;07/01/2004;08/01/2004;UTE;Térmica                       ,-51.661666706000005,-20.746111102999976
148;MSUSL ;USINA PERTENCENTE A CONJUNTO DE USINAS;USI UTE SANTA LUZIA I                              MS       ;30/12/2010;31/12/2010;01/12/2010;02/12/2010;UTE;Térmica                       ,-54.252842001999966,-21.591808006999997
149;MTCLR ;USINA CUJA OPERAÇÃO IMPACTA A REDE DE OPERAÇÃO;USI COLIDER                                        MT       ;14/10/2018;15/10/2018;08/03/2019;09/03/2019;UHE;Hidroelétrica                 ,-55.76600000299999,-10.984722003999991
150;MTDD  ;USINA CUJA OPERAÇÃO IMPACTA A REDE DE OPERAÇÃO;USI DARDANELOS                                     MT       ;30/07/2011;31/07/2011;28/07/2011;29/07/2011;UHE;Hidroelétrica                 ,-59.45000000299996,-10.163333006999949
151;MTPP  ;USINA CUJA OPERAÇÃO IMPACTA A REDE DE OPERAÇÃO;USI PONTE DE PEDRA                                 MT       ;30/08/2005;31/08/2005;18/07/2005;19/07/2005;UHE;Hidroelétrica                 ,-54.907778001999986,-17.587139003999994
152;MTSI  ;USINA CUJA OPERAÇÃO IMPACTA A REDE DE OPERAÇÃO;USI UHE SINOP                                      MT       ;29/12/2017;30/12/2017;16/09/2019;17/09/2019;UHE;Hidroelétrica                 ,-55.45000000299996,-11.266667000999973
153;MTUCID;USINA PERTENCENTE A CONJUNTO DE USINAS;USI PCH CIDEZAL                                    MT       ;29/06/2011;30/06/2011;24/06/2011;25/06/2011;UHE;Hidroelétrica                 ,-59.01250000299996,-13.366944000999979
154;MTUDIV;USINA PERTENCENTE A CONJUNTO DE USINAS;USI PCH DIVISA MT                                  MT       ;;;08/11/2011;09/11/2011;UHE;Hidroelétrica                 ,-59.14222200199998,-13.373611003999997
155;MTUGUA;USINA CUJA OPERAÇÃO IMPACTA A REDE DE OPERAÇÃO;USI GUAPORE                                        MT       ;30/11/2002;01/12/2002;07/04/2003;08/04/2003;UHE;Hidroelétrica                 ,-58.966388903999984,-15.116388902999972
156;MTUHTP;USINA CUJA OPERAÇÃO IMPACTA A REDE DE OPERAÇÃO;USI TELES PIRES                                    PA       ;29/11/2015;30/11/2015;06/11/2015;07/11/2015;UHE;Hidroelétrica                 ,-56.77750000399999,-9.351111002999971
157;MTUIQ1;USINA CUJA OPERAÇÃO IMPACTA A REDE DE OPERAÇÃO;USI ITIQUIRA I                                     MT       ;14/08/2002;15/08/2002;23/10/2002;24/10/2002;UHE;Hidroelétrica                 ,-54.833055600999955,-17.083055600999955
158;MTUIQ2;USINA CUJA OPERAÇÃO IMPACTA A REDE DE OPERAÇÃO;USI ITIQUIRA II                                    MT       ;14/10/2002;15/10/2002;21/12/2002;22/12/2002;UHE;Hidroelétrica                 ,-54.83305600299997,-17.08335600099997
159;MTUJAU;USINA CUJA OPERAÇÃO IMPACTA A REDE DE OPERAÇÃO;USI JAURU                                          MT       ;28/02/2003;01/03/2003;20/03/2003;21/03/2003;UHE;Hidroelétrica                 ,-58.71666700399999,-15.233333006999999
160;MTUPAR;USINA PERTENCENTE A CONJUNTO DE USINAS;USI PCH PARECIS                                    MT       ;30/07/2011;31/07/2011;05/07/2011;06/07/2011;UHE;Hidroelétrica                 ,-58.97555600099997,-13.074167005999982
161;MTURON;USINA PERTENCENTE A CONJUNTO DE USINAS;USI PCH RONDON                                     MT       ;30/08/2011;31/08/2011;05/08/2011;06/08/2011;UHE;Hidroelétrica                 ,-58.91277800500001,-12.90361100499996
162;MTUSAP;USINA PERTENCENTE A CONJUNTO DE USINAS;USI PCH SAPEZAL                                    MT       ;29/06/2011;30/06/2011;22/06/2011;23/06/2011;UHE;Hidroelétrica                 ,-59.01944400399998,-13.265556000999993
163;MTUSCU;USINA CUJA OPERAÇÃO IMPACTA A REDE DE OPERAÇÃO;USI UTE CUIABA                                     MT       ;;;30/04/2002;01/05/2002;UTE;Térmica                       ,-56.16611110399998,-15.40277780599996
164;MTUSMS;USINA CUJA OPERAÇÃO IMPACTA A REDE DE OPERAÇÃO;USI MANSO                                          MT       ;;;28/11/2000;29/11/2000;UHE;Hidroelétrica                 ,-55.78837500499998,-14.87508500399997
165;MTUTEL;USINA PERTENCENTE A CONJUNTO DE USINAS;USI PCH TELEGRAFICA                                MT       ;30/08/2011;31/08/2011;26/08/2011;27/08/2011;UHE;Hidroelétrica                 ,-58.926111004999996,-12.848611004999952
166;PABM  ;USINA CUJA OPERAÇÃO IMPACTA A REDE DE OPERAÇÃO;USI BELO MONTE                                     PA       ;30/03/2016;31/03/2016;11/04/2016;12/04/2016;UHE;Hidroelétrica                 ,-51.77500000599997,-3.1265280019999864
167;PACRU ;USINA CUJA OPERAÇÃO IMPACTA A REDE DE OPERAÇÃO;USI CURUA-UNA                                      PA       ;;;26/07/1977;27/07/1977;UHE;Hidroelétrica                 ,-54.291388907,-2.7894167009999933
168;PATU  ;USINA CUJA OPERAÇÃO IMPACTA A REDE DE OPERAÇÃO;USI US. TUCURUI                                    PA       ;;;29/04/1984;30/04/1984;UHE;Hidroelétrica                 ,-49.64394320499997,-3.8247687069999756
169;PAUPIM;USINA CUJA OPERAÇÃO IMPACTA A REDE DE OPERAÇÃO;USI UHE PIMENTAL                                   PA       ;27/02/2016;28/02/2016;27/04/2016;28/04/2016;UHE;Hidroelétrica                 ,-51.94722200199999,-3.4376390059999835
170;PAUSMA;USINA CUJA OPERAÇÃO IMPACTA A REDE DE OPERAÇÃO;USI SAO MANOEL                                     PA       ;29/12/2017;30/12/2017;27/12/2017;28/12/2017;UHE;Hidroelétrica                 ,-57.052222005999965,-9.190278000999967
171;PBUTN ;USINA CUJA OPERAÇÃO IMPACTA A REDE DE OPERAÇÃO;USI UTE TERMONORDESTE                              PB       ;30/01/2011;31/01/2011;23/12/2010;24/12/2010;UTE;Térmica                       ,-34.92777800599998,-7.208888999999999
172;PBUTP ;USINA CUJA OPERAÇÃO IMPACTA A REDE DE OPERAÇÃO;USI UTE TERMOPARAIBA                               PB       ;30/01/2011;31/01/2011;12/01/2011;13/01/2011;UTE;Térmica                       ,-34.927222005999965,-7.208888999999999
173;PECEPT;USINA CUJA OPERAÇÃO IMPACTA A REDE DE OPERAÇÃO;USI PETROLINA                                      PE       ;18/12/2007;19/12/2007;31/12/2007;01/01/2008;UTE;Térmica                       ,-40.59236100299995,-9.37494400199995
174;PETPRD;USINA CUJA OPERAÇÃO IMPACTA A REDE DE OPERAÇÃO;USI TERMOCABO                                      PE       ;31/12/2007;01/01/2008;31/12/2007;01/01/2008;UTE;Térmica                       ,-35.02654199999995,-8.269799999999975
175;PEULG ;USINA CUJA OPERAÇÃO IMPACTA A REDE DE OPERAÇÃO;USI LUIZ GONZAGA                                   PE       ;;;27/02/1988;28/02/1988;UHE;Hidroelétrica                 ,-38.306388906999985,-9.145833305999986
176;PEUTAL;USINA QUE NÃO IMPACTA A REDE DE OPERAÇÃO, MAS PARTICIPA DA PROGRAMAÇÃO DE FORMA INDIVIDUALIZADA;USI REFINARIA ABREU E LIMA                         PE       ;12/08/2014;13/08/2014;18/01/2014;19/01/2014;UTE;Térmica                       ,-35.04333300099995,-8.398889005000001
177;PEUTPE;USINA CUJA OPERAÇÃO IMPACTA A REDE DE OPERAÇÃO;USI TERMOPERNAMBUCO                                PE       ;30/12/2003;31/12/2003;30/01/2004;31/01/2004;UTE;Térmica                       ,-34.96972220399999,-8.405000000999962
178;PEUTPT;USINA CUJA OPERAÇÃO IMPACTA A REDE DE OPERAÇÃO;USI UTE PERNAMBUCO III                             PE       ;30/01/2014;31/01/2014;11/05/2013;12/05/2013;UTE;Térmica                       ,-35.021431006,-7.853969000999996
179;PEUTSD;USINA CUJA OPERAÇÃO IMPACTA A REDE DE OPERAÇÃO;USI SUAPE II                                       PE       ;27/02/2013;28/02/2013;23/01/2013;24/01/2013;UTE;Térmica                       ,-35.02333300599997,-8.358611002999965
180;PIUBE ;USINA CUJA OPERAÇÃO IMPACTA A REDE DE OPERAÇÃO;USI BOA  ESPERANCA                                 PI       ;;;30/01/1970;31/01/1970;UHE;Hidroelétrica                 ,-43.565000005,-6.74833330499996
181;PRARC ;USINA CUJA OPERAÇÃO IMPACTA A REDE DE OPERAÇÃO;USI ARAUCARIA                                      PR       ;29/10/2002;30/10/2002;08/09/2006;09/09/2006;UTE;Térmica                       ,-49.35527780699999,-25.586944401999972
182;PRFND ;USINA CUJA OPERAÇÃO IMPACTA A REDE DE OPERAÇÃO;USI FUNDAO                                         PR       ;30/07/2006;31/07/2006;29/04/2006;30/04/2006;UHE;Hidroelétrica                 ,-51.99805500399998,-25.708611004999966
183;PRGBM ;USINA CUJA OPERAÇÃO IMPACTA A REDE DE OPERAÇÃO;USI GOVERNADOR BENTO MUNHOZ DA ROCHA NETTO         PR       ;;;30/09/1980;01/10/1980;UHE;Hidroelétrica                 ,-51.600000000999955,-26.00000000099999
184;PRGPSU;USINA CUJA OPERAÇÃO IMPACTA A REDE DE OPERAÇÃO;USI GOVERNADOR PEDRO VIRIATO PARIGOT SOUZA         PR       ;;;24/10/1970;25/10/1970;UHE;Hidroelétrica                 ,-48.760556004999955,-25.253333002999966
185;PRIT60;USINA CUJA OPERAÇÃO IMPACTA A REDE DE OPERAÇÃO;USI ITAIPU 60 HZ                                   PR       ;;;31/12/1986;01/01/1987;UHE;Hidroelétrica                 ,-54.59277780399998,-25.42666670799997
186;PRSCL ;USINA CUJA OPERAÇÃO IMPACTA A REDE DE OPERAÇÃO;USI SANTA CLARA PR                                 PR       ;30/08/2005;31/08/2005;12/07/2005;13/07/2005;UHE;Hidroelétrica                 ,-51.966388001999974,-25.647777007000002
187;PRSCX ;USINA CUJA OPERAÇÃO IMPACTA A REDE DE OPERAÇÃO;USI USI GOVERNADOR JOSE RICHA                      PR       ;;;17/02/1999;18/02/1999;UHE;Hidroelétrica                 ,-53.49222220499996,-25.544166706999988
188;PRSGD ;USINA CUJA OPERAÇÃO IMPACTA A REDE DE OPERAÇÃO;USI GOVERNADOR NEY AMINTHAS DE BARROS BRAGA        PR       ;;;25/09/1992;26/09/1992;UHE;Hidroelétrica                 ,-52.104166701,-25.78111110699996
189;PRUFRA;UTE COM CVU DECLARADO, QUE NÃO IMPACTA A REDE DE OPERAÇÃO E É DESPACHADA POR ORDEM DE MÉRITO;USI FIGUEIRA                                       PR       ;;;07/04/1963;08/04/1963;UTE;Térmica                       ,-50.390722006999965,-23.852042004999987
190;PRUHBI;USINA CUJA OPERAÇÃO IMPACTA A REDE DE OPERAÇÃO;USI UHE BAIXO IGUACU                               PR       ;30/08/2018;31/08/2018;07/02/2019;08/02/2019;UHE;Hidroelétrica                 ,-53.67166700199999,-25.503333002999966
191;PRUHMA;USINA CUJA OPERAÇÃO IMPACTA A REDE DE OPERAÇÃO;USI UHE GOV JAYME CANET JR                         PR       ;29/11/2012;30/11/2012;10/10/2012;11/10/2012;UHE;Hidroelétrica                 ,-50.701389000000006,-24.063333005000004
192;PRUHSO;USINA CUJA OPERAÇÃO IMPACTA A REDE DE OPERAÇÃO;USI SALTO OSORIO                                   PR       ;;;16/10/1975;17/10/1975;UHE;Hidroelétrica                 ,-53.009322002999966,-25.538056001999962
193;PRUHSS;USINA CUJA OPERAÇÃO IMPACTA A REDE DE OPERAÇÃO;USI SALTO SANTIAGO                                 PR       ;;;30/12/1980;31/12/1980;UHE;Hidroelétrica                 ,-52.616667001999986,-25.600000002
194;PRUTBE;USINA QUE NÃO IMPACTA A REDE DE OPERAÇÃO, MAS PARTICIPA DA PROGRAMAÇÃO DE FORMA INDIVIDUALIZADA;USI BERNECK                                        PR       ;31/08/2010;01/09/2010;12/03/2010;13/03/2010;UTE;Térmica                       ,-49.371389002,-25.54222200099997
195;PRUTKC;USINA PERTENCENTE A CONJUNTO DE USINAS;USI KLABIN CELULOSE                                PR       ;27/02/2016;28/02/2016;28/07/2016;29/07/2016;UTE;Térmica                       ,-50.73989999999998,-24.24368300399999
196;PYIT50;USINA CUJA OPERAÇÃO IMPACTA A REDE DE OPERAÇÃO;USI ITAIPU 50 HZ                                   PY       ;;;31/01/1984;01/02/1984;UHE;Hidroelétrica                 ,-54.592913701999976,-25.426667006000002
197;RJCSA ;USINA CUJA OPERAÇÃO IMPACTA A REDE DE OPERAÇÃO;USI UTE DO ATLANTICO                               RJ       ;30/01/2011;31/01/2011;31/12/2010;01/01/2011;UTE;Térmica                       ,-43.739167004999956,-22.91361100299997
198;RJFTN ;USINA CUJA OPERAÇÃO IMPACTA A REDE DE OPERAÇÃO;USI FONTES NOVA                                    RJ       ;;;31/12/1939;01/01/1940;UHE;Hidroelétrica                 ,-43.871666706999974,-22.688611105999996
199;RJILH ;USINA CUJA OPERAÇÃO IMPACTA A REDE DE OPERAÇÃO;USI ILHA POMBOS                                    RJ       ;;;29/02/1924;01/03/1924;UHE;Hidroelétrica                 ,-42.58333300099997,-21.850000002
200;RJNLP ;USINA CUJA OPERAÇÃO IMPACTA A REDE DE OPERAÇÃO;USI NILO PECANHA                                   RJ       ;;;31/03/1953;01/04/1953;UHE;Hidroelétrica                 ,-43.860277801999985,-22.689444401000003
201;RJPPS ;USINA CUJA OPERAÇÃO IMPACTA A REDE DE OPERAÇÃO;USI PEREIRA PASSOS                                 RJ       ;;;31/03/1962;01/04/1962;UHE;Hidroelétrica                 ,-43.80000000399997,-22.700000004000003
202;RJSBRA;USINA CUJA OPERAÇÃO IMPACTA A REDE DE OPERAÇÃO;USI SANTA BRANCA                                   SP       ;;;05/06/1999;06/06/1999;UHE;Hidroelétrica                 ,-45.87083329999996,-23.370833301000005
203;RJUSAN;USINA CUJA OPERAÇÃO IMPACTA A REDE DE OPERAÇÃO;USI ANGRA 1                                        RJ       ;;;06/07/1977;07/07/1977;UTN;Nuclear                       ,-44.45494800099999,-23.008611001999952
204;RJUSAT;USINA QUE NÃO IMPACTA A REDE DE OPERAÇÃO, MAS PARTICIPA DA PROGRAMAÇÃO DE FORMA INDIVIDUALIZADA;USI ANTA                                           RJ       ;29/05/2018;30/05/2018;09/08/2018;10/08/2018;UHE;Hidroelétrica                 ,-43,-22.033333003999985
205;RJUSCP;USINA CUJA OPERAÇÃO IMPACTA A REDE DE OPERAÇÃO;USI CAMPOS                                         RJ       ;;;06/07/1977;07/07/1977;UTE;Térmica                       ,-41.346288002999984,-21.72482300599995
206;RJUSFL;USINA CUJA OPERAÇÃO IMPACTA A REDE DE OPERAÇÃO;USI FUNIL                                          RJ       ;;;31/03/1969;01/04/1969;UHE;Hidroelétrica                 ,-44.57251200099995,-22.526586003999967
207;RJUSSC;USINA CUJA OPERAÇÃO IMPACTA A REDE DE OPERAÇÃO;USI SANTA CRUZ                                     RJ       ;;;28/02/1967;01/03/1967;UTE;Térmica                       ,-43.75050200499999,-22.917090006999956
208;RJUSSI;USINA CUJA OPERAÇÃO IMPACTA A REDE DE OPERAÇÃO;USI SIMPLICIO                                      RJ       ;29/06/2013;30/06/2013;04/06/2013;05/06/2013;UHE;Hidroelétrica                 ,-42.79027800299997,-21.921111002999965
209;RJUTBF;USINA CUJA OPERAÇÃO IMPACTA A REDE DE OPERAÇÃO;USI UTE BAIXADA FLUMINENSE                         RJ       ;28/02/2014;01/03/2014;28/02/2014;01/03/2014;UTE;Térmica                       ,-43.64222200199998,-22.722222000999977
210;RJUTEB;USINA CUJA OPERAÇÃO IMPACTA A REDE DE OPERAÇÃO;USI SEROPEDICA                                     RJ       ;14/09/2001;15/09/2001;14/09/2001;15/09/2001;UTE;Térmica                       ,-43.645555600999955,-22.719166703999974
211;RJUTME;USINA CUJA OPERAÇÃO IMPACTA A REDE DE OPERAÇÃO;USI TERMOMACAE                                     RJ       ;14/10/2001;15/10/2001;18/12/2001;19/12/2001;UTE;Térmica                       ,-41.875,-22.30555600699995
212;RJUTNF;USINA CUJA OPERAÇÃO IMPACTA A REDE DE OPERAÇÃO;USI NORTE FLUMINENSE                               RJ       ;02/04/2003;03/04/2003;05/03/2004;06/03/2004;UTE;Térmica                       ,-41.88611110299996,-22.305555604999995
213;RJUTTR;USINA CUJA OPERAÇÃO IMPACTA A REDE DE OPERAÇÃO;USI TERMORIO                                       RJ       ;29/11/2004;30/11/2004;28/02/2004;29/02/2004;UTE;Térmica                       ,-43.238333299999965,-22.716666707
214;RNEUS3;USINA CUJA OPERAÇÃO IMPACTA A REDE DE OPERAÇÃO;USI EOL MIASSABA 3                                 RN       ;29/06/2014;30/06/2014;31/01/2014;01/02/2014;UEE;Eolielétrica                  ,-36.44972200699999,-5.129444003000003
215;RNUAD ;USINA CUJA OPERAÇÃO IMPACTA A REDE DE OPERAÇÃO;USI ALEGRIA II                                     RN       ;29/12/2011;30/12/2011;29/12/2011;30/12/2011;UEE;Eolielétrica                  ,-36.40250100199995,-5.097279004999962
216;RNUAU ;USINA CUJA OPERAÇÃO IMPACTA A REDE DE OPERAÇÃO;USI EOL ALEGRIA I                                  RN       ;29/12/2010;30/12/2010;29/12/2010;30/12/2010;UEE;Eolielétrica                  ,-36.38440100099996,-5.115283004999981
217;RNUEA1;USINA PERTENCENTE A CONJUNTO DE USINAS;USI RIA_RIACHAO 1                                  RN       ;30/03/2015;31/03/2015;26/06/2015;27/06/2015;UEE;Eolielétrica                  ,-35.439167,-5.522500000999969
218;RNUEA2;USINA PERTENCENTE A CONJUNTO DE USINAS;USI RIA_RIACHAO 2                                  RN       ;30/03/2015;31/03/2015;29/05/2015;30/05/2015;UEE;Eolielétrica                  ,-35.45333300499999,-5.549444004999998
219;RNUEA4;USINA PERTENCENTE A CONJUNTO DE USINAS;USI RIA_RIACHAO 4                                  RN       ;30/03/2015;31/03/2015;29/05/2015;30/05/2015;UEE;Eolielétrica                  ,-35.46861100199999,-5.521111003999977
220;RNUEA6;USINA PERTENCENTE A CONJUNTO DE USINAS;USI RIA_RIACHAO 6                                  RN       ;30/03/2015;31/03/2015;29/05/2015;30/05/2015;UEE;Eolielétrica                  ,-35.45222200499995,-5.545833006999999
221;RNUEA7;USINA PERTENCENTE A CONJUNTO DE USINAS;USI RIA_RIACHAO 7                                  RN       ;30/03/2015;31/03/2015;29/05/2015;30/05/2015;UEE;Eolielétrica                  ,-35.46388900299996,-5.577778003999981
222;RNUEAB;USINA PERTENCENTE A CONJUNTO DE USINAS;USI ABR_AREIA BRANCA                               RN       ;27/02/2014;28/02/2014;17/02/2014;18/02/2014;UEE;Eolielétrica                  ,-36.90338900699999,-4.977194003999955
223;RNUEM1;USINA PERTENCENTE A CONJUNTO DE USINAS;USI MSC_MANGUE SECO 1                              RN       ;30/10/2011;31/10/2011;29/09/2011;30/09/2011;UEE;Eolielétrica                  ,-36.359111004,-5.172575004999999
224;RNUEM2;USINA PERTENCENTE A CONJUNTO DE USINAS;USI MSC_MANGUE SECO 2                              RN       ;29/09/2011;30/09/2011;23/09/2011;24/09/2011;UEE;Eolielétrica                  ,-36.35908900199996,-5.172458000999995
225;RNUEM3;USINA PERTENCENTE A CONJUNTO DE USINAS;USI MSC_MANGUE SECO 3                              RN       ;30/08/2011;31/08/2011;25/08/2011;26/08/2011;UEE;Eolielétrica                  ,-36.35906900499998,-5.172364003999974
226;RNUEM5;USINA PERTENCENTE A CONJUNTO DE USINAS;USI MSC_MANGUE SECO 5                              RN       ;30/10/2011;31/10/2011;31/10/2011;01/11/2011;UEE;Eolielétrica                  ,-36.359031007,-5.172153003999995
227;RNUEMT;USINA PERTENCENTE A CONJUNTO DE USINAS;USI ABR_MAR E TERRA                                RN       ;27/02/2014;28/02/2014;17/02/2014;18/02/2014;UEE;Eolielétrica                  ,-36.91769400199996,-4.973639003999949
228;RNUERF;USINA QUE NÃO TEM RELACIONAMENTO DIRETO COM O ONS;USI EOLICA RIO DO FOGO                             RN       ;19/03/2006;20/03/2006;27/03/2006;28/03/2006;UEE;Eolielétrica                  ,-35.38692500399998,-5.330579004999947
229;RNUERT;USINA CUJA OPERAÇÃO IMPACTA A REDE DE OPERAÇÃO;USI EOL REI DOS VENTOS 3                           RN       ;29/06/2014;30/06/2014;31/01/2014;01/02/2014;UEE;Eolielétrica                  ,-36.16320600399996,-5.1188310009999896
230;RNUERU;USINA CUJA OPERAÇÃO IMPACTA A REDE DE OPERAÇÃO;USI EOL REI DOS VENTOS 1                           RN       ;29/06/2014;30/06/2014;31/01/2014;01/02/2014;UEE;Eolielétrica                  ,-36.20206900699998,-5.100897006999958
231;RNUEV1;USINA PERTENCENTE A CONJUNTO DE USINAS;USI UVT_UNIAO DOS VENTOS 1                         RN       ;21/04/2014;22/04/2014;04/04/2014;05/04/2014;UEE;Eolielétrica                  ,-35.83983600099998,-5.069067001999997
232;RNUEV2;USINA PERTENCENTE A CONJUNTO DE USINAS;USI UVT_UNIAO DOS VENTOS 2                         RN       ;21/04/2014;22/04/2014;04/04/2014;05/04/2014;UEE;Eolielétrica                  ,-35.82581900099996,-5.080586000999972
233;RNUEV3;USINA PERTENCENTE A CONJUNTO DE USINAS;USI UVT_UNIAO DOS VENTOS 3                         RN       ;21/04/2014;22/04/2014;07/04/2014;08/04/2014;UEE;Eolielétrica                  ,-35.808925002999956,-5.082247003999953
234;RNUEV4;USINA PERTENCENTE A CONJUNTO DE USINAS;USI UVT_UNIAO DOS VENTOS 4                         RN       ;21/04/2014;22/04/2014;07/04/2014;08/04/2014;UEE;Eolielétrica                  ,-35.798264003999975,-5.087967000999981
235;RNUEV5;USINA PERTENCENTE A CONJUNTO DE USINAS;USI UVT_UNIAO DOS VENTOS 5                         RN       ;21/04/2014;22/04/2014;07/04/2014;08/04/2014;UEE;Eolielétrica                  ,-35.782433002999994,-5.090753003999964
236;RNUEV6;USINA PERTENCENTE A CONJUNTO DE USINAS;USI UVT_UNIAO DOS VENTOS 6                         RN       ;21/04/2014;22/04/2014;04/04/2014;05/04/2014;UEE;Eolielétrica                  ,-35.76642200399999,-5.094571999999971
237;RNUEV7;USINA PERTENCENTE A CONJUNTO DE USINAS;USI UVT_UNIAO DOS VENTOS 7                         RN       ;21/04/2014;22/04/2014;04/04/2014;05/04/2014;UEE;Eolielétrica                  ,-35.76642200399999,-5.097450002999949
238;RNUEV8;USINA PERTENCENTE A CONJUNTO DE USINAS;USI UVT_UNIAO DOS VENTOS 8                         RN       ;21/04/2014;22/04/2014;04/04/2014;05/04/2014;UEE;Eolielétrica                  ,-35.88901700099996,-5.072475000999987
239;RNUEV9;USINA PERTENCENTE A CONJUNTO DE USINAS;USI UVT_UNIAO DOS VENTOS 9                         RN       ;21/04/2014;22/04/2014;04/04/2014;05/04/2014;UEE;Eolielétrica                  ,-35.88712800299999,-5.089917003999972
240;RNUEVX;USINA PERTENCENTE A CONJUNTO DE USINAS;USI UVT_UNIAO DOS VENTOS 10                        RN       ;21/04/2014;22/04/2014;04/04/2014;05/04/2014;UEE;Eolielétrica                  ,-35.88936100199999,-5.107342004999964
241;RNUPT ;USINA CUJA OPERAÇÃO IMPACTA A REDE DE OPERAÇÃO;USI POTIGUAR III                                   RN       ;31/01/2009;01/02/2009;02/03/2009;03/03/2009;UTE;Térmica                       ,-35.314114003999975,-5.873100004999969
242;RNUPU ;USINA CUJA OPERAÇÃO IMPACTA A REDE DE OPERAÇÃO;USI POTIGUAR                                       RN       ;31/12/2008;01/01/2009;02/03/2009;03/03/2009;UTE;Térmica                       ,-35.314114003999975,-5.872799999999984
243;RNUTAC;USINA CUJA OPERAÇÃO IMPACTA A REDE DE OPERAÇÃO;USI VALE DO ACU                                    RN       ;29/09/2008;30/09/2008;09/09/2008;10/09/2008;UTE;Térmica                       ,-36.821111105,-5.3801111059999585
244;ROROD ;USINA CUJA OPERAÇÃO IMPACTA A REDE DE OPERAÇÃO;USI UHE RONDON II                                  RO       ;29/04/2011;30/04/2011;01/03/2011;02/03/2011;UHE;Hidroelétrica                 ,-60.70000000299996,-11.850000002000002
245;ROSU  ;USINA CUJA OPERAÇÃO IMPACTA A REDE DE OPERAÇÃO;USI SAMUEL                                         RO       ;;;30/12/1990;31/12/1990;UHE;Hidroelétrica                 ,-63.51666700099997,-8.779972001999965
246;ROTN  ;USINA CUJA OPERAÇÃO IMPACTA A REDE DE OPERAÇÃO;USI TERMONORTE II                                  RO       ;;;30/12/1990;31/12/1990;UTE;Térmica                       ,-63.81565999999998,-8.795086003999984
247;ROUHJI;USINA CUJA OPERAÇÃO IMPACTA A REDE DE OPERAÇÃO;USI UHE JIRAU                                      RO       ;30/08/2013;31/08/2013;05/09/2013;06/09/2013;UHE;Hidroelétrica                 ,-64.65319400299995,-9.266667000999973
248;ROUSSA;USINA CUJA OPERAÇÃO IMPACTA A REDE DE OPERAÇÃO;USI SANTO ANTONIO                                  RO       ;29/04/2012;30/04/2012;21/03/2012;22/03/2012;UHE;Hidroelétrica                 ,-63.95194400099996,-8.791944004999948
249;RSEIN2;USINA PERTENCENTE A CONJUNTO DE USINAS;USI USI EOLICA DOS INDIOS 2                        RS       ;29/12/2014;30/12/2014;15/12/2014;16/12/2014;UEE;Eolielétrica                  ,-50.33331700399998,-29.99346400099995
250;RSEIN3;USINA PERTENCENTE A CONJUNTO DE USINAS;USI USI USI EOL. INDIOS 3                          RS       ;29/12/2014;30/12/2014;15/12/2014;16/12/2014;UEE;Eolielétrica                  ,-50.351167000999965,-29.99444400599998
251;RSUDFR;USINA CUJA OPERAÇÃO IMPACTA A REDE DE OPERAÇÃO;USI DONA FRANCISCA                                 RS       ;17/01/2001;18/01/2001;04/02/2001;05/02/2001;UHE;Hidroelétrica                 ,-53.28055560599995,-29.446944400999996
252;RSUECI;USINA QUE NÃO IMPACTA A REDE DE OPERAÇÃO, MAS PARTICIPA DA PROGRAMAÇÃO DE FORMA INDIVIDUALIZADA;USI EOL CIDREIRA I                                 RS       ;30/12/2010;31/12/2010;20/05/2011;21/05/2011;UEE;Eolielétrica                  ,-50.17388900399999,-30.075000004000003
253;RSUHCA;USINA CUJA OPERAÇÃO IMPACTA A REDE DE OPERAÇÃO;USI CASTRO ALVES                                   RS       ;30/03/2008;31/03/2008;03/03/2008;04/03/2008;UHE;Hidroelétrica                 ,-51.379166699999985,-29.00833330399996
254;RSUHFC;USINA CUJA OPERAÇÃO IMPACTA A REDE DE OPERAÇÃO;USI FOZ DO CHAPECO                                 RS       ;30/10/2010;31/10/2010;20/09/2010;21/09/2010;UHE;Hidroelétrica                 ,-53.04333300099995,-27.140000000999976
255;RSUHMC;USINA CUJA OPERAÇÃO IMPACTA A REDE DE OPERAÇÃO;USI MONTE CLARO                                    RS       ;30/12/2004;31/12/2004;28/12/2004;29/12/2004;UHE;Hidroelétrica                 ,-51.5,-29.016666703999988
256;RSUHMO;USINA CUJA OPERAÇÃO IMPACTA A REDE DE OPERAÇÃO;USI UHE MONJOLINHO                                 RS       ;30/08/2009;31/08/2009;31/08/2009;01/09/2009;UHE;Hidroelétrica                 ,-52.734722003,-27.328611002000002
257;RSUHPF;USINA CUJA OPERAÇÃO IMPACTA A REDE DE OPERAÇÃO;USI PASSO FUNDO                                    RS       ;;;20/03/1973;21/03/1973;UHE;Hidroelétrica                 ,-52.733333007,-27.55000000499996
258;RSUHPJ;USINA CUJA OPERAÇÃO IMPACTA A REDE DE OPERAÇÃO;USI PASSO SAO JOAO                                 RS       ;30/03/2012;31/03/2012;23/03/2012;24/03/2012;UHE;Hidroelétrica                 ,-55.05194400299996,-28.141111002000002
259;RSUHQJ;USINA CUJA OPERAÇÃO IMPACTA A REDE DE OPERAÇÃO;USI 14 DE JULHO                                    RS       ;30/12/2008;31/12/2008;24/12/2008;25/12/2008;UHE;Hidroelétrica                 ,-51.666667007,-29.05000000499996
260;RSUITA;USINA CUJA OPERAÇÃO IMPACTA A REDE DE OPERAÇÃO;USI ITAUBA                                         RS       ;;;31/01/1978;01/02/1978;UHE;Hidroelétrica                 ,-53.23388890199999,-29.258888900999978
261;RSUJAC;USINA CUJA OPERAÇÃO IMPACTA A REDE DE OPERAÇÃO;USI JACUI                                          RS       ;;;28/02/1962;01/03/1962;UHE;Hidroelétrica                 ,-53.227500505999956,-29.079166002999955
262;RSUPRE;USINA CUJA OPERAÇÃO IMPACTA A REDE DE OPERAÇÃO;USI PASSO REAL                                     RS       ;;;31/12/1972;01/01/1973;UHE;Hidroelétrica                 ,-53.188888899999995,-29.01694440199998
263;RSUSJE;USINA CUJA OPERAÇÃO IMPACTA A REDE DE OPERAÇÃO;USI SAO JERONIMO                                   RS       ;;;31/12/1996;01/01/1997;UTE;Térmica                       ,-51.76166669999998,-29.982500002999984
264;RSUSJO;USINA CUJA OPERAÇÃO IMPACTA A REDE DE OPERAÇÃO;USI SAO JOSE                                       RS       ;30/03/2011;31/03/2011;31/08/2010;01/09/2010;UHE;Hidroelétrica                 ,-54.813056007,-28.174444005999987
265;RSUTA1;USINA CUJA OPERAÇÃO IMPACTA A REDE DE OPERAÇÃO;USI ALEGRETE                                       RS       ;;;02/09/1968;03/09/1968;UTE;Térmica                       ,-55.770555600999955,-29.782777802
266;RSUTCA;USINA CUJA OPERAÇÃO IMPACTA A REDE DE OPERAÇÃO;USI CANOAS                                         RS       ;30/08/2002;31/08/2002;11/02/2003;12/02/2003;UTE;Térmica                       ,-51.14694440399995,-29.876388900999984
267;RSUTEC;USINA CUJA OPERAÇÃO IMPACTA A REDE DE OPERAÇÃO;USI TERMELETRICA CANDIOTA III                      RS       ;30/12/2010;31/12/2010;31/12/2010;01/01/2011;UTE;Térmica                       ,-53.666667007,-31.55000000499996
268;RSUTMW;USINA CUJA OPERAÇÃO IMPACTA A REDE DE OPERAÇÃO;USI UTE PAMPA SUL                                  RS       ;31/12/2018;01/01/2019;27/06/2019;28/06/2019;UTE;Térmica                       ,-53.776900001,-31.450700000999973
269;RSUTUR;USINA CUJA OPERAÇÃO IMPACTA A REDE DE OPERAÇÃO;USI U.URUGUAIANA                                   RS       ;;;12/12/2000;13/12/2000;UTE;Térmica                       ,-57.00055560499999,-29.763888903999998
270;SCGAR ;USINA CUJA OPERAÇÃO IMPACTA A REDE DE OPERAÇÃO;USI UHE GARIBALDI                                  SC       ;29/12/2013;30/12/2013;23/09/2013;24/09/2013;UHE;Hidroelétrica                 ,-50.988056003999986,-27.621389002
271;SCUHBG;USINA CUJA OPERAÇÃO IMPACTA A REDE DE OPERAÇÃO;USI BARRA GRANDE                                   SC       ;29/11/2005;30/11/2005;31/10/2005;01/11/2005;UHE;Hidroelétrica                 ,-51.21666700399999,-27.766667001999963
272;SCUHCN;USINA CUJA OPERAÇÃO IMPACTA A REDE DE OPERAÇÃO;USI US CAMPOS NOVOS                                SC       ;27/02/2007;28/02/2007;27/03/2006;28/03/2006;UHE;Hidroelétrica                 ,-51.316666699999985,-27.600000002
273;SCUHIT;USINA CUJA OPERAÇÃO IMPACTA A REDE DE OPERAÇÃO;USI ITA                                            SC       ;;;10/06/2000;11/06/2000;UHE;Hidroelétrica                 ,-52.39833300599997,-27.267500005999977
274;SCUHMA;USINA CUJA OPERAÇÃO IMPACTA A REDE DE OPERAÇÃO;USI MACHADINHO                                     SC       ;30/01/2002;31/01/2002;20/01/2002;21/01/2002;UHE;Hidroelétrica                 ,-51.784722201999955,-27.523611001999996
275;SCUHSP;USINA CUJA OPERAÇÃO IMPACTA A REDE DE OPERAÇÃO;USI SALTO PILAO                                    SC       ;29/11/2009;30/11/2009;24/09/2009;25/09/2009;UHE;Hidroelétrica                 ,-49.5,-27.116667002999975
276;SCUHSR;USINA CUJA OPERAÇÃO IMPACTA A REDE DE OPERAÇÃO;USI UHE SAO ROQUE                                  SC       ;29/05/2022;30/05/2022;20/07/2022;21/07/2022;UHE;Hidroelétrica                 ,-50.805278002999955,-27.49750000299997
277;SCUQQX;USINA CUJA OPERAÇÃO IMPACTA A REDE DE OPERAÇÃO;USI QUEBRA QUEIXO                                  SC       ;28/02/2003;01/03/2003;22/12/2003;23/12/2003;UHE;Hidroelétrica                 ,-52.55000000399997,-26.666388906999998
278;SCUTLA;USINA CUJA OPERAÇÃO IMPACTA A REDE DE OPERAÇÃO;USI JORGE LACERDA-A                                SC       ;;;28/03/1965;29/03/1965;UTE;Térmica                       ,-48.96902200599999,-28.448889002999977
279;SCUTLB;USINA CUJA OPERAÇÃO IMPACTA A REDE DE OPERAÇÃO;USI JORGE LACERDA-B                                SC       ;;;14/11/1979;15/11/1979;UTE;Térmica                       ,-48.96972200299996,-28.45651000099997
280;SCUTLC;USINA CUJA OPERAÇÃO IMPACTA A REDE DE OPERAÇÃO;USI JORGE LACERDA-C                                SC       ;;;31/10/1996;01/11/1996;UTE;Térmica                       ,-48.96869499999997,-28.45651000099997
281;SPAGV ;USINA CUJA OPERAÇÃO IMPACTA A REDE DE OPERAÇÃO;USI AGUA VERMELHA                                  SP       ;;;28/02/1978;01/03/1978;UHE;Hidroelétrica                 ,-50.350000000999955,-19.867222204999962
282;SPBAB ;USINA CUJA OPERAÇÃO IMPACTA A REDE DE OPERAÇÃO;USI BARRA BONITA                                   SP       ;;;31/01/1963;01/02/1963;UHE;Hidroelétrica                 ,-48.545000001999995,-22.505000002999964
283;SPBAR ;USINA CUJA OPERAÇÃO IMPACTA A REDE DE OPERAÇÃO;USI BARIRI                                         SP       ;;;31/12/1966;01/01/1967;UHE;Hidroelétrica                 ,-48.75,-22.149722204
284;SPCAC ;USINA CUJA OPERAÇÃO IMPACTA A REDE DE OPERAÇÃO;USI CACONDE                                        SP       ;;;31/03/1952;01/04/1952;UHE;Hidroelétrica                 ,-46.616666703999954,-21.566388905999986
285;SPCHV ;USINA CUJA OPERAÇÃO IMPACTA A REDE DE OPERAÇÃO;USI CHAVANTES                                      SP       ;;;05/02/1970;06/02/1970;UHE;Hidroelétrica                 ,-49.73472220499997,-23.131944403999967
286;SPCNO1;USINA CUJA OPERAÇÃO IMPACTA A REDE DE OPERAÇÃO;USI CANOAS I DUKE                                  SP       ;;;08/05/1999;09/05/1999;UHE;Hidroelétrica                 ,-50.516666703,-22.933055602999957
287;SPCNO2;USINA CUJA OPERAÇÃO IMPACTA A REDE DE OPERAÇÃO;USI CANOAS II DUKE                                 SP       ;;;14/05/1999;15/05/1999;UHE;Hidroelétrica                 ,-50.25,-22.933055602999957
288;SPCPV ;USINA CUJA OPERAÇÃO IMPACTA A REDE DE OPERAÇÃO;USI CAPIVARA                                       SP       ;;;09/03/1977;10/03/1977;UHE;Hidroelétrica                 ,-51.360833302,-22.657500006999953
289;SPCUB ;USINA CUJA OPERAÇÃO IMPACTA A REDE DE OPERAÇÃO;USI UTE CUBATAO                                    SP       ;29/11/2009;30/11/2009;16/11/2009;17/11/2009;UTE;Térmica                       ,-46.43222200099996,-23.875833005000004
290;SPEUC ;USINA CUJA OPERAÇÃO IMPACTA A REDE DE OPERAÇÃO;USI EUCLIDES DA CUNHA                              SP       ;;;31/12/1979;01/01/1980;UHE;Hidroelétrica                 ,-46.95000000299996,-21.599722206999957
291;SPHBE ;USINA CUJA OPERAÇÃO IMPACTA A REDE DE OPERAÇÃO;USI HENRY BORDEN EXTERNA                           SP       ;;;31/03/1926;01/04/1926;UHE;Hidroelétrica                 ,-46.44833430599999,-23.878614604999996
292;SPHBS ;USINA CUJA OPERAÇÃO IMPACTA A REDE DE OPERAÇÃO;USI HENRY BORDEN SUBTERRANEA                       SP       ;;;31/12/1955;01/01/1956;UHE;Hidroelétrica                 ,-46.44833300299996,-23.87861100699996
293;SPIBI ;USINA CUJA OPERAÇÃO IMPACTA A REDE DE OPERAÇÃO;USI IBITINGA                                       SP       ;;;31/01/1969;01/02/1969;UHE;Hidroelétrica                 ,-49,-21.749722206
294;SPILS ;USINA CUJA OPERAÇÃO IMPACTA A REDE DE OPERAÇÃO;USI ILHA SOLTEIRA                                  SP       ;;;28/02/1973;01/03/1973;UHE;Hidroelétrica                 ,-51.34000000399999,-20.42222220499997
295;SPJAG ;USINA CUJA OPERAÇÃO IMPACTA A REDE DE OPERAÇÃO;USI JAGUARI                                        SP       ;;;01/01/1972;02/01/1972;UHE;Hidroelétrica                 ,-46.033333003999985,-23.200000004000003
296;SPJUP ;USINA CUJA OPERAÇÃO IMPACTA A REDE DE OPERAÇÃO;USI JUPIA                                          SP       ;;;01/01/1969;02/01/1969;UHE;Hidroelétrica                 ,-51.633611105,-20.791388906999998
297;SPJUR ;USINA CUJA OPERAÇÃO IMPACTA A REDE DE OPERAÇÃO;USI JURUMIRIM                                      SP       ;;;20/09/1962;21/09/1962;UHE;Hidroelétrica                 ,-49.238333299999965,-23.220000006999953
298;SPLMO ;USINA CUJA OPERAÇÃO IMPACTA A REDE DE OPERAÇÃO;USI LIMOEIRO                                       SP       ;;;31/12/1979;01/01/1980;UHE;Hidroelétrica                 ,-47.008054002999984,-21.625512004999962
299;SPLVN ;USINA PERTENCENTE A CONJUNTO DE USINAS;USI PCH LAVRINHAS                                  SP       ;30/11/2010;01/12/2010;02/09/2011;03/09/2011;UHE;Hidroelétrica                 ,-44.86345300099998,-22.567450002999976
300;SPNAV ;USINA CUJA OPERAÇÃO IMPACTA A REDE DE OPERAÇÃO;USI NOVA AVANHANDAVA                               SP       ;;;31/03/1982;01/04/1982;UHE;Hidroelétrica                 ,-50.203871548999984,-21.116385227999956
301;SPNPI ;USINA CUJA OPERAÇÃO IMPACTA A REDE DE OPERAÇÃO;USI NOVA PIRATININGA                               SP       ;19/04/2002;20/04/2002;22/04/2002;23/04/2002;UTE;Térmica                       ,-46.68233299999997,-23.700000004000003
302;SPORI ;USINA CUJA OPERAÇÃO IMPACTA A REDE DE OPERAÇÃO;USI OURINHOS CBA                                   SP       ;30/10/2005;31/10/2005;02/04/2005;03/04/2005;UHE;Hidroelétrica                 ,-49.850000000999955,-23.066388905999986
303;SPPAR ;USINA CUJA OPERAÇÃO IMPACTA A REDE DE OPERAÇÃO;USI PARAIBUNA                                      SP       ;;;01/01/1978;02/01/1978;UHE;Hidroelétrica                 ,-45.666666701,-23.38305560599997
304;SPPE  ;USINA CUJA OPERAÇÃO IMPACTA A REDE DE OPERAÇÃO;USI ETU PEDREIRA                                   SP       ;;;30/12/1990;31/12/1990;UHB;Bombeamento                   ,-46.674166999999954,-23.703056000999993
305;SPPI  ;USINA CUJA OPERAÇÃO IMPACTA A REDE DE OPERAÇÃO;USI PIRATININGA                                    SP       ;;;28/02/1954;01/03/1954;UTE;Térmica                       ,-46.684333003999996,-23.700000004000003
306;SPPJU ;USINA CUJA OPERAÇÃO IMPACTA A REDE DE OPERAÇÃO;USI PIRAJU                                         SP       ;29/09/2002;30/09/2002;29/08/2002;30/08/2002;UHE;Hidroelétrica                 ,-49.38333330299997,-23.183055602999957
307;SPPPR ;USINA CUJA OPERAÇÃO IMPACTA A REDE DE OPERAÇÃO;USI PORTO  PRIMAVERA                               SP       ;;;22/01/1999;23/01/1999;UHE;Hidroelétrica                 ,-52.956105105999995,-22.481984101999956
308;SPPRO ;USINA CUJA OPERAÇÃO IMPACTA A REDE DE OPERAÇÃO;USI PROMISSAO                                      SP       ;;;28/02/1975;01/03/1975;UHE;Hidroelétrica                 ,-49.78333330199996,-21.299722202999988
309;SPQUE1;USINA PERTENCENTE A CONJUNTO DE USINAS;USI PCH QUELUZ                                     SP       ;31/10/2010;01/11/2010;11/08/2011;12/08/2011;UHE;Hidroelétrica                 ,-44.795278005,-22.543333001999997
310;SPROS ;USINA CUJA OPERAÇÃO IMPACTA A REDE DE OPERAÇÃO;USI ROSANA                                         SP       ;;;10/06/1987;11/06/1987;UHE;Hidroelétrica                 ,-52.866666703999954,-22.599722206999957
311;SPSAG ;USINA CUJA OPERAÇÃO IMPACTA A REDE DE OPERAÇÃO;USI SALTO GRANDE SP                                SP       ;;;30/05/1958;31/05/1958;UHE;Hidroelétrica                 ,-50,-22.90805560399997
312;SPTAQ ;USINA CUJA OPERAÇÃO IMPACTA A REDE DE OPERAÇÃO;USI TAQUARUCU                                      SP       ;;;10/12/1992;11/12/1992;UHE;Hidroelétrica                 ,-52.010555603,-22.544166706999988
313;SPTRI ;USINA CUJA OPERAÇÃO IMPACTA A REDE DE OPERAÇÃO;USI TRES IRMAOS                                    SP       ;31/03/1993;01/04/1993;31/03/1993;01/04/1993;UHE;Hidroelétrica                 ,-51.482777803999966,-20.656388902000003
314;SPUIPA;USINA QUE NÃO IMPACTA A REDE DE OPERAÇÃO, MAS PARTICIPA DA PROGRAMAÇÃO DE FORMA INDIVIDUALIZADA;USI UTE IPAUSSU                                    SP       ;29/11/2011;30/11/2011;31/10/2011;01/11/2011;UTE;Térmica                       ,-49.59305600099998,-23.09972200599998
315;SPUMOE;USINA QUE NÃO TEM RELACIONAMENTO DIRETO COM O ONS;USI UTE MOEMA                                      SP       ;;;30/12/1990;31/12/1990;UTE;Térmica                       ,-49.37611550099996,-20.199301101999993
316;SPUSLB;USINA CUJA OPERAÇÃO IMPACTA A REDE DE OPERAÇÃO;USI LUIZ CARLOS BARRETO                            SP       ;;;31/12/1968;01/01/1969;UHE;Hidroelétrica                 ,-47.28421300599996,-20.15528700599998
317;TOUHET;USINA CUJA OPERAÇÃO IMPACTA A REDE DE OPERAÇÃO;USI ESTREITO                                       MA       ;29/04/2011;30/04/2011;27/03/2011;28/03/2011;UHE;Hidroelétrica                 ,-47.46277800199999,-6.585000000999969
318;TOUHPA;USINA CUJA OPERAÇÃO IMPACTA A REDE DE OPERAÇÃO;USI PEIXE ANGICAL                                  TO       ;30/08/2006;31/08/2006;26/06/2006;27/06/2006;UHE;Hidroelétrica                 ,-48.366667001999986,-12.233333006999999
319;TOUHSA;USINA CUJA OPERAÇÃO IMPACTA A REDE DE OPERAÇÃO;USI SAO SALVADOR                                   TO       ;30/07/2009;31/07/2009;05/08/2009;06/08/2009;UHE;Hidroelétrica                 ,-48.234722003,-12.809167005999996
320;;;;;;;;;,-44.65832187999996,-12.911067127999956
321;RJNVT;USINA CUJA OPERAÇÃO IMPACTA A REDE DE OPERAÇÃO;USI UTE GNA I                                      RJ       ;30/03/2020;31/03/2020;15/09/2021;16/09/2021;UTE;Térmica                       ,-41.018089017999955,-21.84495396699998
322;RJGNA2;USINA CUJA OPERAÇÃO IMPACTA A REDE DE OPERAÇÃO;USI UTE GNA II                                     RJ       ;13/08/2020;14/08/2020;30/05/2025;31/05/2025;UTE;Térmica                       ,-41.016501000000005,-21.842503144999966
323;PRUHSD;UTE COM CVU DECLARADO, QUE NÃO IMPACTA A REDE DE OPERAÇÃO E É DESPACHADA POR ORDEM DE MÉRITO;USI SAO DOMINGOS                                   MS       ;30/03/2013;31/03/2013;13/06/2013;14/06/2013;UHE;Hidroelétrica                 ,-53.18037100699996,-20.059753868999962
324;CEJAN;USINA PERTENCENTE A CONJUNTO DE USINAS;USI JAN_JANDAIA                                    CE       ;30/01/2020;31/01/2020;29/05/2020;30/05/2020;UEE;Eolielétrica                  ,-37.81621939399997,-4.432987496999999
325;RJMAE;USINA CUJA OPERAÇÃO IMPACTA A REDE DE OPERAÇÃO;USI UTE MARLIM AZUL                                RJ       ;29/11/2022;30/11/2022;01/12/2023;02/12/2023;UTE;Térmica                       ,-41.86947682199997,-22.362317736999955
326;RJUSA2;USINA CUJA OPERAÇÃO IMPACTA A REDE DE OPERAÇÃO;USI ANGRA 2                                        RJ       ;;;06/07/1977;07/07/1977;UTN;Nuclear                       ,-44.45482015799996,-23.008008211999993
327;SEUPS1;USINA CUJA OPERAÇÃO IMPACTA A REDE DE OPERAÇÃO;USI PORTO DE SERGIPE I                             SE       ;30/03/2019;31/03/2019;20/03/2020;21/03/2020;UTE;Térmica                       ,-36.939525575000005,-10.817715599999985
328;RRJII;USINA CUJA OPERAÇÃO IMPACTA A REDE DE OPERAÇÃO;USI UTE JAGUATIRICA II                             RR       ;30/07/2021;31/07/2021;14/02/2022;15/02/2022;UTE;Térmica                       ,-60.675827911,2.9350676490000183
329;RRUTBB;USINA CUJA OPERAÇÃO IMPACTA A REDE DE OPERAÇÃO;USI UTE BBF BALIZA                                 RR       ;29/09/2022;30/09/2022;20/06/2023;21/06/2023;UTE;Térmica                       ,-59.95328110999998,0.959733596000035
330;RRUTPL;USINA CUJA OPERAÇÃO IMPACTA A REDE DE OPERAÇÃO;USI UTE PALMAPLAN                                  RR       ;30/08/2022;31/08/2022;23/11/2022;24/11/2022;UTE;Térmica                       ,-60.40574167,0.9364244260000305
331;RRUTDT;USINA CUJA OPERAÇÃO IMPACTA A REDE DE OPERAÇÃO;USI UTE DISTRITO 1                                 RR       ;01/09/2019;02/09/2019;30/12/1990;31/12/1990;UTE;Térmica                       ,-60.72554668999999,2.7616666560000454
332;RRUTFT;USINA CUJA OPERAÇÃO IMPACTA A REDE DE OPERAÇÃO;USI UTE FLORESTA                                   RR       ;01/09/2019;02/09/2019;30/12/1990;31/12/1990;UTE;Térmica                       ,-60.71135659999999,2.828493186000003
333;RRUTMC;USINA CUJA OPERAÇÃO IMPACTA A REDE DE OPERAÇÃO;USI UTE MONTE CRISTO                               RR       ;01/09/2019;02/09/2019;30/12/1990;31/12/1990;UTE;Térmica                       ,-60.71166823699997,2.9313686230000258
334;RRUTMD;USINA CUJA OPERAÇÃO IMPACTA A REDE DE OPERAÇÃO;USI UTE MONTE CRISTO BLOCO II                      RR       ;29/09/2019;30/09/2019;30/12/1990;31/12/1990;UTE;Térmica                       ,-60.71166779999999,2.930511533000015
335;MTUEDX;USINA CUJA OPERAÇÃO IMPACTA A REDE DE OPERAÇÃO;USI UTE EDLUX X                                    MT       ;31/07/2022;01/08/2022;;;UTE;Térmica                       ,-56.020025086999965,-15.676553698999953
336;MTUEP2;USINA CUJA OPERAÇÃO IMPACTA A REDE DE OPERAÇÃO;USI UTE EPP II                                     MT       ;31/07/2022;01/08/2022;;;UTE;Térmica                       ,-56.022488332999956,-15.673289908999948
337;MTUEP4;USINA CUJA OPERAÇÃO IMPACTA A REDE DE OPERAÇÃO;USI UTE EPP IV                                     MT       ;31/07/2022;01/08/2022;;;UTE;Térmica                       ,-56.01926835299997,-15.679021951999971
338;;;;;;;;;,-56.017113978,-15.674873485999967
339;;;;;;;;;,-60.38133469999997,1.2199351680000063
340;UYMLO;USINA QUE NÃO TEM RELACIONAMENTO DIRETO COM O ONS;USI CONVERSORA MELO                                UY       ;29/12/2015;30/12/2015;08/06/2017;09/06/2017;UHE;Hidroelétrica                 ,-54.09167600000001,-32.41667000199999
341;RRUTMS;USINA CUJA OPERAÇÃO IMPACTA A REDE DE OPERAÇÃO;USI MONTE CRISTO SUCUBA                            RR       ;30/08/2022;31/08/2022;20/12/2022;21/12/2022;UTE;Térmica                       ,-60.711799600000006,2.9305769860000055
